,path
0,0x881D40237659C251811CEC9c364ef91dC08D300C/contracts/Imports.sol
1,0x6A58eB0D64974e7e76e8f1080E53db86E348BCEB/contracts/EggClaims.sol
2,0xB4a81261b16b92af0B9F7C4a83f1E885132D81e4/contracts/BuryShib.sol
3,0x6c6e21Ff463f406745b665322c7157b1d7C0aC6B/contracts/ERC721PepeMinter.sol
4,0xcE0f25934dEAaddd174427F1978bCd487a85E9fA/contracts/Truplay.sol
5,0x4ee7c0F5480Eb1EDd8902a5E8b991ed52992d5f5/Users/zumzoom/Projects/1inch/merkle-distributor/contracts/MerkleDistributor.sol
6,0x7F8162f4FfE3DB46CD3B0626daB699506C0FF63a/contracts/JustMallards.sol
7,0xdD467a6C8ae2b39825a452E06b4fA82F73D4253D/contracts/MarsCatsVoyage.sol
8,0x78f190eFe7B9198b76207F14d90ba96FB782680e/contracts/DuckNFT.sol
9,0x6Bba316c48b49BD1eAc44573c5c871ff02958469/contracts/GasDaoToken.sol
10,0xF2d15C0A89428C9251d71A0E29b39FF1e86bce25/contracts/BlurAirdrop.sol
11,0xa57D319B3Cf3aD0E4d19770f71E63CF847263A0b/contracts/BuryLeash.sol
12,0x9813037ee2218799597d83D4a5B6F3b6778218d9/contracts/BoneToken.sol
13,0x6b63564A8B3f145B3Ef085bcc197C0ff64e9A140/contracts/badger-hunt/BadgerHunt.sol
14,0xbce6d2aa86934af4317ab8615f89e3f9430914cb/contracts/VaynerSportsPass.sol
15,0x044aAd8ec3010F1126B4269D9e0d16dDD5a7A298/contracts/Opener.sol
16,0xFBB6684EbD6093989740e8ef3e7D57cf3813E5a4/contracts/BonesAndBananas.sol
17,0x2f5Bec14C72C35cE1dee5AdC2173399Be93FE6ab/contracts/Mimi.sol
18,0xA08126f5E1ED91A635987071E6FF5EB2aEb67C48/contracts/galaxyeggsdeploy/galaxyeggs.sol
19,0x32dD588f23a95280134107A22C064cEA065327E9/contracts/Scumbags.sol
20,0x4Ad3785EC7EED7589FA86538244a4530f962434F/contracts/Valeria.sol
21,0x2D1AEB67E7274499c73f183aC26537B72273F678/contracts/POOPresale.sol
22,0x1aCBD5ce03BDD2A898F4aCf91a39cC9c0807C39C/contracts/Reli3fUkr.sol
23,0x5181aF2C5Cd19AAECaDA5D8A7aFB7856B7643Aca/contracts/CastleKidCollection.sol
24,0x9A534628B4062E123cE7Ee2222ec20B86e16Ca8F/usr/src/app/contracts/MekaVerse.sol
25,0x6fC355D4e0EE44b292E50878F49798ff755A5bbC/contracts/DeadHeads.sol
26,0x025C6da5BD0e6A5dd1350fda9e3B6a614B205a1F/contracts/AirdropGrapesToken.sol
27,0x1e283601f53032D9aaC8Dc73632f4e482E761c70/contracts/Jews.sol
28,0x6dc02fC80F070dAA5188ad410587E5502ddb3c63/contracts/Airdrop.sol
29,0xbA66A7c5e1f89a542E3108E3Df155A9BF41ac824/contracts/AIORBIT.sol
30,0xC8c1B77218645a8a26F752D9e3392D23b4F93849/contracts/SoftMinter.sol
31,0x51e613727fdd2e0B91b51c3E5427E9440a7957E4/contracts/CryptoCorgisBreeder.sol
32,0x569f26145f0c2fcc3da68395be3639009c53b6d8/contracts/AnimoNFT.sol
33,0x94693c9e342F759272d6f7b481703DF8e83b1818/contracts/TreasureChest.sol
34,0xf7A0383750feF5AbaCe57cc4C9ff98e3790202b3/contracts/BuryBone.sol
35,0x55A44e7Ed23409241E1c4B9c5CbE80a066993BDd/contracts/StagedMintV1.sol
36,0x6f2235864cf897078fcdcc2854b76c482cd16874/contracts/PoapDelegatedMint.sol
37,0x4Cec6Dca972BB810A1af1Ef3C8366B22b390c5Bc/contracts/Dice.sol
38,0x5bae47bf29f4e9b1e275c0b427b84c4daa30033a/packages/contracts-core/contracts/upgrade/UpgradeBeaconProxy.sol
39,0x469823c7b84264d1bafbcd6010e9cdf1cac305a3/contracts/MintableERC721.sol
40,0xEC595717Db71D29c5f3272c2B42D05d3caC1f5A4/contracts/Zero.sol
41,0x4dab23c0a529d1caf86f7a902d5340959d170c1e/Sketch.sol
42,0x99654fd49C0E51b8029d2ba7DE5b99734aB7AFEC/contracts/CryptoMoms.sol
43,0xde76e34db5cc2e1e1a3e80e2ddc19efbc91ab012/h4c.sol
44,0x29701da58B02A0B9409CaB8bB616C88604301AB6/contracts/PrimeKongPlanetPreSaleContract.sol
45,0x0c84298DBaF3B714dD33Bd0D3E3714A8B6648fd2/contracts/EllaDAO.sol
46,0xE42caD6fC883877A76A26A16ed92444ab177E306/contracts/custom-drops/TheMerge.sol
47,0xdc51a1f6e6dd40296ea02ffdf9dd7750a2417be1/contracts/astroheads-contract.sol
48,0xcCb12A755BF866368E483dBeD505d1C3E40d2562/contracts/SlotiePublicSale.sol
49,0xCCB9D89e0F77Df3618EEC9f6BF899Be3B5561A89/contracts/RememberMe.sol
50,0x65784d6F23DE30A17122E96c0F0986C378ed6947/contracts/BoredApeYogaClub.sol
51,0xc92cedDfb8dd984A89fb494c376f9A48b999aAFc/contracts/Creature.sol
52,0xe2be48D3bE2663A83b433E88205b39fF48F0FF4c/contracts/TheSummoning.sol
53,0x5182a9bA9eacEf7997056c247eA9b5E317224A16/contracts/TinyGirls.sol
54,0xce50f3cA1F1Dbd6Fa042666bC0e369565dda457D/contracts/Hearts.sol
55,0xCE651d4C06dC2516Ee5Dd86EFA6D2168D32AB082/contracts/PepeAndFrenz.sol
56,0x9F04AC0C0cA146afc447003214b4E00f78265D2d/contracts/MintablePresale.sol
57,0xdFDE78d2baEc499fe18f2bE74B6c287eED9511d7/contracts/BrainDrops.sol
58,0xc70a4E13C1A5d169EEaC50E410d5D42BB080CbBe/contracts/tinycats.sol
59,0xF7143Ba42d40EAeB49b88DaC0067e54Af042E963/contracts/Metasaurs.sol
60,0x16b9b98D9F920E936E0a9C6421d6556657DD2EEC/src/backend/contracts/NFT.sol
61,0xCc15b249f8aC06b4A56dEB5627afcef061dF45A4/contracts/spunmonkes.sol
62,0x80D55c03180349Fff4a229102F62328220A96444/contracts/OpulousToken.sol
63,0xFAA2bA39E9d988936a5bFeD5690DFC9CA570c124/seabums2.0.sol
64,0x33CfAe13A9486C29Cd3B11391cC7ECa53822e8c7/contracts/MintPassTwo.sol
65,0x7F96F68Fa766D4E9b037417FE4967511152B9272/contracts/NFT.sol
66,0xa93a4C25BC4c5395c66ADfb53E264Bd870Ca2876/contracts/MerkleDistributor.sol
67,0xd9ddf01163a45b69b8cdbffd635a7405fb39a516/contracts/IKHY.sol
68,0xe53EC727dbDEB9E2d5456c3be40cFF031AB40A55/contracts/Token.sol
69,0x86C10D10ECa1Fca9DAF87a279ABCcabe0063F247/contracts/ethereum/pets/CoolPets.sol
70,0x138ff21a21dfc06fbfccf15f2d9fd290a660e152/contracts/BasedFishMafia.sol
71,0x7169887b559F625a81144eeE8AC784d1D8B4920F/src/contracts/YoloCat.sol
72,0xa7ee407497b2aeb43580cabe2b04026b5419d1dc/contracts/SuperlativeSS.sol
73,0xB2E4e69527D57FA108c535721C057075a7a82E86/contracts/mmc.sol
74,0xdb55584E5104505a6b38776eE4dCBa7dD6bB25FE/Users/sumemo/workspace/visitors/contracts/ContractNFT.sol
75,0xf7d134224a66c6a4ddeb7dee714a280b99044805/contracts/endofsartoshi.sol
76,0x8Fb6DF76235B2f1c605f0ee962D1A727783E0221/contracts/SlotiePreSale.sol
77,0xFd082F6e5fC7Cf1b6393969c64bF4D7Cff774E7A/contracts/LongNeckieFellas.sol
78,0xBE1a33519F586A4c8AA37525163Df8d67997016f/contracts/MerkleDistributor.sol
79,0xD46814b736Db3C6FEeD576A59e3fF140075c9e0a/contracts/DarkHorizon.sol
80,0x6a47f2e78e6a594e594fd3e318f301e987b60d55/contracts/golden-tickets/KuroroFerryTickets.sol
81,0x1A92f7381B9F03921564a437210bB9396471050C/contracts/CoolCats.sol
82,0xd1258DB6Ac08eB0e625B75b371C023dA478E94A9/contracts/DigiDaigaku.sol
83,0x80313D5Db1da630B952bd4af81D6585c4c3f984D/contracts/gcyc.sol
84,0xEdB61f74B0d09B2558F1eeb79B247c1F363Ae452/contracts/GutterCats.sol
85,0x099A16F0414CB0Cc0555d5f1f8140166462D39Ff/contracts/StackedToadz.sol
86,0x818A19A6D3f0859B68e8490a6E945a51060CAaD1/contracts/FomoMofos.sol
87,0x3b1417C1f204607DEdA4767929497256e4ff540C/contracts/WagmiUnited.sol
88,0xca20F7279F7DeFD14e7524e609704eA2f436a539/contracts/TheDonutShop.sol
89,0x345dfAAbC5017D96e0Cbd50d45593dFeEe952c7F/Users/marko/dev/pizzaParty/contracts/DeezNutsPrinter.sol
90,0xC7c0a3b4117852F0B4F8ced9a9c447353cAf9d3e/contracts/AIBears.sol
91,0xaAdBA140Ae5e4c8a9eF0Cc86EA3124b446e3E46A/contracts/MutantCats.sol
92,0x48C7f48622a2C31FC72B326332cF1e2357C8EF30/contracts/gm/gm.sol
93,0xb0a747d220f3f793e1e16bf068f27c3aa3eb7a44/bulldroids1.4.sol
94,0xD7B397eDad16ca8111CA4A3B832d0a5E3ae2438C/contracts/Rats.sol
95,0x0241c38B646a61F2a47e72423E50dE2C11b6A21b/contracts/IGLPresale.sol
96,0xfa932d5cBbDC8f6Ed6D96Cc6513153aFa9b7487C/contracts/Tunes.sol
97,0xD7bEA2b69C7a1015aAdAA134e564eEe6d34149C0/contracts/TheAssociation.sol
98,0xd6f4a923e2ecd9ab7391840ac78d04bfe40bd5e1/contracts/AbiItem.sol
99,0x9aA03df95b6D3c6edFb53c09A4A8473d0D642D32/contracts/CryptoPolz.sol
100,0x3Fa9F416955fb4a27f6f2Bf617eCbE609baa9C4C/contracts/NFTClaimManager.sol
101,0xBA5a9E9CBCE12c70224446C24C111132BECf9F1d/contracts/BAYCSewerPassClaim.sol
102,0xB9D9455EA8Ba8e244B3EA9d46Ba106642Cb99B97/contracts/Blockverse.sol
103,0x0974e6c435C18DdfBbc1F500EDE24F99C3cf07F2/contracts/RoyalCubs.sol
104,0xD374410E9BB22f3771fFBd0b40A07c0Cf44a04FC/contracts/PortalNft.sol
105,0xa2d0FB9C95F04B2A1e281B67B683b14DDeBc4C2D/contracts/HipHopReboot.sol
106,0x4ad2d817b60db6ee79c1ae016429251a0d25423f/contracts/Reforestation.sol
107,0x1DB61FC42a843baD4D91A2D788789ea4055B8613/Users/alexanderhsu/dev/chubbies-contract/contracts/Chubbies.sol
108,0xF8C08433DD41eAeE2e424C9E91467aB27772d9ec/contracts/Entrope.sol
109,0xE98550A9c13d6f0A90d60727bE265Ee11C4d2906/contracts/FairAuction.sol
110,0x3DB5463A9e2d04334192C6f2DD4B72DeF4751A61/contracts/Alpaca.sol
111,0x8ed0E7404675d5C7F5b4F2a829138afCAF53d2ab/contracts/XcNFT.sol
112,0x52607cb9c342821ea41ad265B9Bb6a23BEa49468/contracts/Flowtys.sol
113,0x3cA5b00Ade54365Fbd590D4BC397E044a13068E5/contracts/Feudalz.sol
114,0x51946231074a627487eE3173a9A35B8aAeE5a80a/contracts/IslandG1.sol
115,0xf78296dFcF01a2612C2C847F68ad925801eeED80/usr/src/app/contracts/FuckingPickles.sol
116,0x72a1469D6EDDC4DC7292B070b0570ABab4A1175a/contracts/GrumpyPandaz.sol
117,0x5f7BA84c7984Aa5ef329B66E313498F0aEd6d23A/contracts/Cheeth.sol
118,0x27736872ce810a70546c02f438940b8abb7c3f71/contracts/CosmeticsRegistryProxy.sol
119,0xAf60f9140dFDF85f8db527B4db609ce1986bF735/contracts/SqueakersNFT.sol
120,0x94d4A314FC718AdFb3E9E25D3e3A984862EC7F1b/contracts/FudFarm.sol
121,0x79c2dbc3ced9b873ec0e58d294313c7194c6c4a3/src/PENDINGS.sol
122,0x53CefBfF8DCb78e41c697E9d4abd0b99aa710C61/contracts/CreaturesDrop.sol
123,0x278A3411b896258Ba7A9FB9114BAeF846F4a7688/contracts/atomverse_genesis.sol
124,0x159640309cF1E732CfF90A3a7C23d3825cD50f5A/contracts/Longimals.sol
125,0xD5d86FC8d5C0Ea1aC1Ac5Dfab6E529c9967a45E9/contracts/WRLD_Token_Ethereum.sol
126,0xfb7d186E24E128be1F1339fB9C2bA6fDBd87C6f9/contracts/GrillzGangTicket.sol
127,0x0Ea1Fd79879D0E11d5D8E8234d49153420c3BDc4/contracts/pootopia.sol
128,0x31837aaf36961274a04b915697fdfca1af31a0c7/contracts/v1/markets/eth/looks-rare/GenieLooksRareMarket.sol
129,0x6080B6D2C02E9a0853495b87Ce6a65e353b74744/contracts/EightBit.sol
130,0x1CB1A5e65610AEFF2551A50f76a87a7d3fB649C6/contracts/Toadz.sol
131,0x5474b3abf3e58a2b32f329f3633406a0d2941e6f/contracts/claim/SuperRareTokenMerkleDrop.sol
132,0x68Bd8b7C45633de6d7AFD0B1F7B86b37B8a3C02A/contracts/beanbagfrens.sol
133,0xdbcab7a768ea9a00b2ffa5a2eb387cad609e2114/contracts/MintableERC721.sol
134,0x31d843b99c2c4088cD20D96EF2426673b958Ff70/contracts/MechMindsAI.sol
135,0xAd4D85257c815A4B2C7088a664e958b035B24323/contracts/DEZUKI.sol
136,0xed20be8FD0ADDBc4af850a3309893b3b499F802A/contracts/ArtistProxy.sol
137,0x2378e88624c7DfDF73A6B02dEd8733449916FDBa/contracts/888ICExtensionGalaSale.sol
138,0xb5f3dEE204cA76E913bb3129BA0312b9f0f31D82/contracts/Omnimorphs.sol
139,0x0Bb3E1c80C0ffde985Fb0Ec6392Aa18A1D2De40e/contracts/Fatales.sol
140,0x96FC56721D2b79485692350014875b3b67CB00eB/contracts/ASAC.sol
141,0xBa32Eb9f5fB4d1cA17DFaB18EBcfa7baf37A0163/contracts/FlowerFamMinter.sol
142,0x3Cf314571Da3e56EAeE61aF2B30af56f75D3A602/contracts/ERC721Pepe.sol
143,0x49cF6f5d44E70224e2E23fDcdd2C053F30aDA28B/contracts/clonex.sol
144,0x33825285eB66c11237Cc68CC182c1e9BF01bA00B/Users/Shared/Code/experimental/glitches/glitch-app/contracts/Glitches.sol
145,0x6ac9d7b501fd65d227583fee541ed1fd8e7ceb7f/contracts/KPG.sol
146,0xb9619cf4f875cdf0e3ce48b28a1c725bc4f6c0fb/contracts/NFT.sol
147,0xA7B6cb932EEcACd956454317d59c49AA317e3C57/contracts/Component2.sol
148,0xb2F43262FC23d253538ca5F7b4890f89F0EE95D9/contracts/FishFarm.sol
149,0xf0bB34A3816D020Cdc97fe824792C3866c04578a/contracts/JungleDestroyers.sol
150,0x6F1EEa7A85B0773abb2b3adf536B0225d2092F22/contracts/BaboonBetNFT.sol
151,0x956a316aA74b489cCf26b4be79F80183f31B39C0/contracts/FlowerFriend.sol
152,0xB5c578947de0fd71303F71F2C3d41767438bD0de/contracts/DEVTToken.sol
153,0x2D3F39663D43c0862589A8A24Bf05ccD44B0ac4D/contracts/Stacker.sol
154,0x9e11224D85Df591FD3Ed2b35bb42E9bf43a2FF90/contracts/WhitelistedNFTSale.sol
155,0xE8f8D4bC6Ebb10B29A1331c80c567B1a308Afe47/contracts/pharma_bro_dao.sol
156,0xB159F1a0920A7f1D336397A52D92da94b1279838/contracts/RoyalSociety.sol
157,0x1818670E6C4041Ce9C7bD422d5Ac56344620A4bE/contracts/Ogres.sol
158,0x74BB71a4210E33256885DEF483fD4227b7f9D88F/contracts/Fomoverse.sol
159,0x673e23B28Fe82F1DB183C5d75446bc4EB572d711/contracts/DeezToken.sol
160,0xBB3d13260B3f6893aCe34a4284BE70eCCF4CC0F1/contracts/LongNeckieLadies.sol
161,0x6Ab7E5a4a5f34F24c43bA0996E5f45Dc88Ba7B1D/contracts/ZooverseGen2Controller.sol
162,0x8C186802b1992f7650Ac865d4CA94D55fF3C0d17/contracts/NinjaSquad.sol
163,0x128675d4FddbC4a0D3f8aA777D8EE0fb8B427C2F/contracts/Comic2.sol
164,0x36d30b3b85255473d27dd0f7fd8f35e36a9d6f06/contracts/eight.sol
165,0x201675fBFAAAC3A51371E4C31FF73Ac14ceE2A5A/contracts/Genzee.sol
166,0x7721E8dd956E07F7254385A7C039E9bdE92e425D/contracts/NoShitZone.sol
167,0xf148438326E50eC1c703Cb8fc946A6B5A7884E98/contracts/SST.sol
168,0xa45ef87f51b84dbd0d5b003d288b16d3d044fe6f/contracts/Dirtybird.sol
169,0xc784e2d033b3cf2e5cb283f4aa4f9b903436b0af/contracts/BLOCKS.sol
170,0x213fDE8B7fbB8b9EcF7f34792E604EAfb9bD292F/home/paras/gor-contracts/contracts/GodsOfRock.sol
171,0x04eeffBBCcB616824cae5feDb3Df55E51dCF19d1/contracts/SushiBar.sol
172,0xb9655f835418fb64b63f934acb745d12d810fedb/contracts/GrandpaApeChemistryClub.sol
173,0x1D3aDa5856B14D9dF178EA5Cab137d436dC55F1D/contracts/Deathbats.sol
174,0xaad35c2dadbe77f97301617d82e661776c891fa9/workspaces/default_workspace/Aku.sol
175,0xbe1014903e2f623a88e4413e276fb176e6e832de/contracts/TokenmonMinter.sol
176,0x0d31956425d300D7085869EA60A652db8E96c88d/contracts/claim.sol
177,0x01379a8C67466Af8cE0Cf1F99c3D8208b2A3af23/contracts/TribesOfOgun.sol
178,0xD123145184749704eeB9510FEf69CD58E417e841/contracts/MintablePresale.sol
179,0xa73794d5ffE358052ebb34b45b0cE7E8b94AD7bD/contracts/YakuzziNFT.sol
180,0x4133ea7e6b655fc6069825d8766076cf1d9fee41/contracts/OneDayBae.sol
181,0xe2553B0989E96AC352F71A8710607da2Bf209dBA/src/SaleMoonRatzWTF.sol
182,0x797a48c46Be32aafceDcFD3d8992493D8A1F256b/contracts/MintPassFactory.sol
183,0x56e3130cae02a2a15bc9bc034ee3ea9313b3ccb4/contracts/lx_diamond_1155.sol
184,0x27cC171B16FdD2224E1f93eD7DccFcc6790cA4BF/contracts/StarlPixelNauts.sol
185,0x8c0ac3ce98dced91810f7b3c5b50791c8874c551/contracts/DaVinci.sol
186,0x77aA555c8a518b56A1Ed57B7b4b85Ee2AD479d06/contracts/AfroDroids.sol
187,0x4AFFB1BcFe20E538F35153C19dB7AE9C3751A199/contracts/CoolKidzClub.sol
188,0x45348f717d9Ed95E89Ac081B03b7E3aeA423CD98/contracts/PhireneDAO.sol
189,0x21eB9cA6ED727FBa2a60B889c38AC1697e8e1116/src/tournament-entryV2/TournamentEntryV2.sol
190,0xD41CE249c8683733f129F8be337bb23D4F70c933/contracts/MignonTrainTickets.sol
191,0x531c24A152060BAd20cE77079fCB5BfE56726a4e/contracts/Cells.sol
192,0x9808226ED04e92F9380DA67C5606354FAe5891b0/contracts/StripperVille.sol
193,0xD618D480637f4066675A56Da8e87E7FC6c074F33/Worms.sol
194,0x7F0159D3A639a035797e92861d9F414246735568/contracts/KuddleKoalas.sol
195,0x6D0683Ed0F79411bD6bd1f5D517eDe248EAd34AD/contracts/phantom.sol
196,0x63AB6F1fEe7a46ab7bACeb152F7B39a899b2c056/contracts/LazyLoodles.sol
197,0x163a7af239b409E79a32fC6b437Fda51dd8fa5F0/home/paras/roaring-leaders/contracts/RoaringLeaders.sol
198,0xfb3cf61a46a565fb1622ec5f9d42d98ff7f762aa/NinjaMfers.sol
199,0x4Db1f25D3d98600140dfc18dEb7515Be5Bd293Af/contracts/HapebeastToken.sol
