,compile_version,big_compile_version,path
0,v0.4.24+commit.e67f0147,v0.4,a0b86991c6218b36c1d19d4a2e9eb0ce3606eb48_FiatTokenProxy.sol
1,v0.4.19+commit.c4cbbb05,v0.4,c02aaa39b223fe8d0a0e5c4f27ead9083c756cc2_WETH9.sol
2,v0.4.16+commit.d7661dd9,v0.4,2a0c0dbecc7e4d658f48e01e3fa353f44050c208_IDEX1.sol
3,v0.4.16+commit.d7661dd9,v0.4,2a0c0dbecc7e4d658f48e01e3fa353f44050c208_Exchange.sol
4,v0.4.16+commit.d7661dd9,v0.4,514910771af9ca656af840dff83e8264ecf986ca_LinkToken.sol
5,v0.4.11+commit.68ef5810,v0.4,d26114cd6ee289accf82350c8d8487fedb8a0c07_OMGToken.sol
6,v0.4.11+commit.68ef5810,v0.4,0f5d2fb29fb7d3cfee444a200298f468908cc942_MANAToken.sol
7,v0.4.24+commit.e67f0147,v0.4,8fdcc30eda7e94f1c12ce0280df6cd531e8365c5_CpcToken.sol
8,v0.4.16+commit.d7661dd9,v0.4,f230b790e05390fc8295f4d3f60332c93bed42e2_TronToken.sol
9,v0.4.11+commit.68ef5810,v0.4,e41d2489571d322189246dafa5ebde1f4699f498_ZRXToken.sol
10,v0.4.8+commit.60cc1668,v0.4,b64ef51c888972c908cfacf59b47c1afbc0ab8ac_CentrallyIssuedToken.sol
11,v0.4.11+commit.68ef5810,v0.4,a3c1e324ca1ce40db73ed6026c4a177f099b5770_Controller.sol
12,v0.4.24+commit.e67f0147,v0.4,9e9801bace260f58407c15e6e515c45918756e0f_WorldUnitedCoinsToken.sol
13,v0.4.24+commit.e67f0147,v0.4,21ab6c9fac80c59d401b37cb43f81ea9dde7fe34_BRC.sol
14,v0.4.21+commit.dfe3193c,v0.4,4a220e6096b25eadb88358cb44068a3248254675_StandardToken.sol
15,v0.4.23+commit.124ca40d,v0.4,0000000000085d4780B73119b644AE5ecd22b376_OwnedUpgradeabilityProxy.sol
16,v0.4.24+commit.e67f0147,v0.4,ae7ab96520de3a18e5e111b5eaab095312d7fe84_AppProxyUpgradeable.sol
17,v0.4.12+commit.194ff033,v0.4,B8c77482e45F1F44dE1745F52C74426C631bDD52_BNB.sol
18,v0.4.25-nightly.2018.5.23+commit.18c651b7,v0.4,74fd51a98a4a1ecbef8cc43be801cce630e260bd_SiaCashCoin.sol
19,v0.4.23+commit.124ca40d,v0.4,1f0480a66883de97d2b054929252aae8f664c15c_NePay.sol
20,v0.4.8+commit.60cc1668,v0.4,41e5560054824ea6b0732e656e3ad64e20e94e45_CentrallyIssuedToken.sol
21,v0.4.18+commit.9cf6e910,v0.4,58b6a8a3302369daec383334672404ee733ab239_LivepeerToken.sol
22,v0.4.24-nightly.2018.4.25+commit.81cca26f,v0.4,8a88f04e0c905054d2f33b26bb3a46d7091a039a_IG.sol
23,v0.4.24+commit.e67f0147,v0.4,6de037ef9ad2725eb40118bb1702ebb27e4aeb24_AdminUpgradeabilityProxy.sol
24,v0.4.23+commit.124ca40d,v0.4,3495ffcee09012ab7d827abf3e3b3ae428a38443_BecToken.sol
25,v0.4.20+commit.3155dd80,v0.4,aaaebe6fe48e54f431b0c390cfaf0b017d09d42d_CelsiusToken.sol
26,v0.4.11+commit.68ef5810,v0.4,595832f8fc6bf59c85c527fec3740a1b7a361269_PowerLedger.sol
27,v0.4.24+commit.e67f0147,v0.4,e99a894a69d7c2e3c92e61b64c505a6a57d2bc07_Hyperion.sol
28,v0.4.24+commit.e67f0147,v0.4,8971f9fd7196e5cee2c1032b50f656855af7dd26_Lambda.sol
29,v0.4.8+commit.60cc1668,v0.4,4156D3342D5c385a87D264F90653733592000581_Salt.sol
30,v0.4.20+commit.3155dd80,v0.4,d77bcd9cf4212a41defbcd2e2ff0f50fea2be643_GA_chain.sol
31,v0.4.24+commit.e67f0147,v0.4,c9c4d9ec2b44b241361707679d3db0876ac10ca6_POCToken.sol
32,v0.4.16+commit.d7661dd9,v0.4,80fb784b7ed66730e8b1dbd9820afd29931aab03_EthLendToken.sol
33,v0.4.11+commit.68ef5810,v0.4,b5a5f22694352c15b00323844ad545abb2b11028_IcxToken.sol
34,v0.4.11+commit.68ef5810,v0.4,f433089366899d83a9f26a773d59ec7ecf30355e_MetalToken.sol
35,v0.4.24+commit.e67f0147,v0.4,f1ca9cb74685755965c7458528a36934df52a3ef_AVINOCToken.sol
36,v0.4.15+commit.bbb8e64f,v0.4,08f5a9235b08173b7569f83645d2c7fb55e8ccd8_TierionNetworkToken.sol
37,v0.4.22-nightly.2018.3.7+commit.b5e804b8,v0.4,f3586684107ce0859c44aa2b2e0fb8cd8731a15a_KaratBankCoin.sol
38,v0.4.24+commit.e67f0147,v0.4,d1ceeeefa68a6af0a5f6046132d986066c7f9426_Dice2Win.sol
39,v0.4.13+commit.fb4cb1a,v0.4,cb97e65f07da24d46bcdd078ebebd7c6e6e3d750_HumanStandardToken.sol
40,v0.4.16+commit.d7661dd9,v0.4,5ca9a71b1d01849c0a95490cc00559717fcf0d1d_AEToken.sol
41,v0.4.10+commit.f0d539ae,v0.4,9a642d6b3368ddc662CA244bAdf32cDA716005BC_HumanStandardToken.sol
42,v0.4.21+commit.dfe3193c,v0.4,e530441f4f73bdb6dc2fa5af7c3fc5fd551ec838_GSENetwork.sol
43,v0.4.24+commit.e67f0147,v0.4,8e1b448ec7adfc7fa35fc2e885678bd323176e34_EgretiaToken.sol
44,v0.4.16+commit.d7661dd9,v0.4,0000000000b3F879cb30FE243b4Dfee438691c04_GasToken2.sol
45,v0.4.25+commit.59dbf8f1,v0.4,3cc83c2400e00a54fa1e588d62bc28bf15d5def5_OPTCToken.sol
46,v0.4.11+commit.68ef5810,v0.4,b47e3cd837dDF8e4c57F05d70Ab865de6e193BBB_CryptoPunksMarket.sol
47,v0.4.20+commit.3155dd80,v0.4,a4e8c3ec456107ea67d3075bf9e3df3a75823db0_LoomToken.sol
48,v0.4.11+commit.68ef5810,v0.4,b7cb1c96db6b22b0d3d9536e0108d062bd488f74_WaltonToken.sol
49,v0.4.23+commit.124ca40d,v0.4,ff56cc6b1e6ded347aa0b7676c85ab0b3d08b0fa_OrbsToken.sol
50,v0.4.11+commit.68ef5810,v0.4,e94327d07fc17907b4db788e5adf2ed424addff6_RepToken.sol
51,v0.4.21+commit.dfe3193c,v0.4,32d74896f05204d1b6ae7b0a3cebd7fc0cd8f9c7_KcashToken.sol
52,v0.4.24+commit.e67f0147,v0.4,df2c7238198ad8b389666574f2d8bc411a4b7428_MainframeToken.sol
53,v0.4.18+commit.9cf6e910,v0.4,9d9223436ddd466fc247e9dbbd20207e640fef58_Token.sol
54,v0.4.24+commit.e67f0147,v0.4,A5e99ad202bDd71D3518306Cf4dD163261981af1_MyAdvancedToken.sol
55,v0.4.24+commit.e67f0147,v0.4,007ac2f589eb9d4fe1cea9f46b5f4f52dab73dd4_SKWToken.sol
56,v0.4.19+commit.c4cbbb05,v0.4,6c8dce6d842e0d9d109dc4c69f35cf8904fc4cbf_EtheremonEnergy.sol
57,v0.4.18+commit.9cf6e910,v0.4,8713d26637cf49e1b6b4a7ce57106aabc9325343_CNNToken.sol
58,v0.4.24+commit.e67f0147,v0.4,c011a72400e58ecd99ee497cf89e3775d4bd732f_Proxy.sol
59,v0.4.24+commit.e67f0147,v0.4,f34839b310097fcb4cf3a302dda8cc9b57501083_SACO.sol
60,v0.4.24+commit.e67f0147,v0.4,ddaaf4a0702a03a4505f2352a1aba001ffc344be_ATCCOIN.sol
61,v0.4.24+commit.e67f0147,v0.4,f1def7f0e620f39531eb352fe13da6825218e7df_BITDINERO.sol
62,v0.4.18+commit.9cf6e910,v0.4,67bc56caad630dc1719b14a540adc8e9968325c3_SPNToken.sol
63,v0.4.19-nightly.2017.11.11+commit.284c3839,v0.4,d0a4b8946cb52f0661273bfbc6fd0e0c75fc6433_StormToken.sol
64,v0.4.24+commit.e67f0147,v0.4,FCcA0c5ccd723baf6bf7f6678C8cFB49Ce0042C7_OMTM.sol
65,v0.4.23+commit.124ca40d,v0.4,b68042de5b3da08a80c20d29aefab999d0848385_IDAGToken.sol
66,v0.4.25+commit.59dbf8f1,v0.4,5cf04716ba20127f1e2297addcf4b5035000c9eb_NKNToken.sol
67,v0.4.23+commit.124ca40d,v0.4,6fb3e0a217407efff7ca062d46c26e5d60a14d69_IoTeXNetwork.sol
68,v0.4.18+commit.9cf6e910,v0.4,49592d97be49033615a7fbc02c6853e4c58eb9bc_TokenERC20.sol
69,v0.4.14+commit.c2215d46,v0.4,5121e348e897daef1eef23959ab290e5557cf274_PolyAi.sol
70,v0.4.24+commit.e67f0147,v0.4,317572aabc73d59fc55f923750d1c51680fd28b4_TTT.sol
71,v0.4.18+commit.9cf6e910,v0.4,e25bcec5d3801ce3a794079bf94adf1b8ccd802d_MANToken.sol
72,v0.4.18+commit.9cf6e910,v0.4,7e9e431a0b8c4d532c745b1043c7fa29a48d4fba_eosDACToken.sol
73,v0.4.25-nightly.2018.5.23+commit.18c651b7,v0.4,4ccc3759eb48faf1c6cfadad2619e7038db6b212_SuperEdge.sol
74,v0.4.23+commit.124ca40d,v0.4,0cfda67b0067f1a99deb1cb80e0273a3f26d317c_TrekChain.sol
75,v0.4.22+commit.4cb486ee,v0.4,e99ddae9181957e91b457e4c79a1b577e55a5742_Linkmanagement.sol
76,v0.4.21+commit.dfe3193c,v0.4,fe5F141Bf94fE84bC28deD0AB966c16B17490657_LibraToken.sol
77,v0.4.8+commit.60cc1668,v0.4,ea5ab833aff71bd7d280f0a0bc86423d1703288a_Issuer.sol
78,v0.4.20+commit.3155dd80,v0.4,9b4e2b4b13d125238aa0480dd42b4f6fc71b37cc_ERC20Token.sol
79,v0.4.14+commit.c2215d46,v0.4,516e5436bafdc11083654de7bb9b95382d08d5de_ERC20Token.sol
80,v0.4.24+commit.e67f0147,v0.4,9eec65e5b998db6845321baa915ec3338b1a469b_MyAdvancedToken.sol
81,v0.4.11+commit.68ef5810,v0.4,0bb217E40F8a5Cb79Adf04E1aAb60E5abd0dfC1e_SwftCoin.sol
82,v0.4.23+commit.124ca40d,v0.4,32776933663b27ebcda98b07c4958ec74c0bafb1_EDD.sol
83,v0.4.18+commit.9cf6e910,v0.4,be428c3867f05dea2a89fc76a102b544eac7f772_CyberVeinToken.sol
84,v0.4.18+commit.9cf6e910,v0.4,558EC3152e2eb2174905cd19AeA4e34A23DE9aD6_BRDToken.sol
85,v0.4.18+commit.9cf6e910,v0.4,8f136cc8bef1fea4a7b71aa2301ff1a52f084384_StcToken.sol
86,v0.4.21+commit.dfe3193c,v0.4,943ed852dadb5c3938ecdc6883718df8142de4c8_TokenERC20.sol
87,v0.4.13+commit.fb4cb1a,v0.4,0b76544f6c413a555f309bf76260d1e02377c02a_INT.sol
88,v0.4.20-nightly.2018.1.6+commit.2548228b,v0.4,79650799e7899a802cb96c0bc33a6a8d4ce4936c_AIT_TokenERC20.sol
89,v0.4.21+commit.dfe3193c,v0.4,2F141Ce366a2462f02cEA3D12CF93E4DCa49e4Fd_FreeToken.sol
90,v0.4.23+commit.124ca40d,v0.4,69c4bb240cf05d51eeab6985bab35527d04a8c64_ElementToken.sol
91,v0.4.21+commit.dfe3193c,v0.4,49e033122c8300a6d5091acf667494466ee4a9d2_MeetOneToken.sol
92,v0.4.21+commit.dfe3193c,v0.4,4b317864a05c91225ab8f401ec7be0aeb87e9c12_TokenBBBasic.sol
93,v0.4.24+commit.e67f0147,v0.4,d204616e2ecf6d0b27ee79207c4ba54f91182a9d_YunKaiCoin.sol
94,v0.4.18+commit.9cf6e910,v0.4,4f878c0852722b0976a955d68b376e4cd4ae99e5_WaykiCoin.sol
95,v0.4.24+commit.e67f0147,v0.4,33fbc07d9d9456d9e6d8316aa87792a20d3ad448_MECoin.sol
96,v0.4.23+commit.124ca40d,v0.4,624d520BAB2E4aD83935Fa503fB130614374E850_SmartshareStandardToken.sol
97,v0.4.16+commit.d7661dd9,v0.4,b8105b0d4a9ae55658b418065fea4282a8d2e968_AdvancedToken.sol
98,v0.4.23+commit.124ca40d,v0.4,ed494c9e2f8e34e53bdd0ea9b4d80305cb15c5c2_CWVToken.sol
99,v0.4.20+commit.3155dd80,v0.4,355a458d555151d3b27f94227960ade1504e526a_TokenERC20.sol
100,v0.5.0+commit.1d4f565a,v0.5,95aD61b0a150d79219dCF64E1E6Cc01f0B64C4cE_TokenMintERC20Token.sol
101,v0.5.17+commit.d19bba13,v0.5,bb0e17ef65f82ab018d8edd776e8dd940327b28b_AXSToken.sol
102,v0.5.7+commit.6da8b019,v0.5,bbbbca6a901c926f240b89eacb641d8aec7aeafd_LRC_v2.sol
103,v0.5.17+commit.d19bba13,v0.5,18aAA7115705e8be94bfFEBDE57Af9BFc265B998_AudiusAdminUpgradeabilityProxy.sol
104,v0.5.4+commit.9549d8ff,v0.5,006699d34AA3013605d468d2755A2Fe59A16B12B_Ownable.sol
105,v0.5.4+commit.9549d8ff,v0.5,006699d34AA3013605d468d2755A2Fe59A16B12B_IERC20.sol
106,v0.5.4+commit.9549d8ff,v0.5,006699d34AA3013605d468d2755A2Fe59A16B12B_SafeMath.sol
107,v0.5.17+commit.d19bba13,v0.5,1531b6e3d51BF80f634957dF81A990B92dA4b154_solidity_contracts_Relay.sol
108,v0.5.17+commit.d19bba13,v0.5,1531b6e3d51BF80f634957dF81A990B92dA4b154_@summa-tx_bitcoin-spv-sol_contracts_SafeMath.sol
109,v0.5.17+commit.d19bba13,v0.5,1531b6e3d51BF80f634957dF81A990B92dA4b154_solidity_contracts_OnDemandSPV.sol
110,v0.5.17+commit.d19bba13,v0.5,1531b6e3d51BF80f634957dF81A990B92dA4b154_solidity_contracts_Interfaces.sol
111,v0.5.10+commit.5a6ea5b1,v0.5,0258f474786ddfd37abce6df6bbb1dd5dfc4434a_IERC20.sol
112,v0.5.10+commit.5a6ea5b1,v0.5,0258f474786ddfd37abce6df6bbb1dd5dfc4434a_Math.sol
113,v0.5.10+commit.5a6ea5b1,v0.5,0258f474786ddfd37abce6df6bbb1dd5dfc4434a_Context.sol
114,v0.5.10+commit.5a6ea5b1,v0.5,0258f474786ddfd37abce6df6bbb1dd5dfc4434a_SafeMath.sol
115,v0.5.10+commit.5a6ea5b1,v0.5,0258f474786ddfd37abce6df6bbb1dd5dfc4434a_Roles.sol
116,v0.5.0+commit.1d4f565a,v0.5,1bf68a9d1eaee7826b3593c20a0ca93293cb489a_SafeMath.sol
117,v0.5.8+commit.23d335f2,v0.5,8a2279d4a90b6fe1c4b30fa660cc9f926797baa2_Chromia.sol
118,v0.5.1+commit.c8a2cb62,v0.5,aaf592245ee1f5c2f00cd71f5f1d90eb390a096a_SuperplayerCharacter.sol
119,v0.5.17+commit.d19bba13,v0.5,a117000000f279d81a1d3cc75430faa017fa5a2e_ANTv2.sol
120,v0.5.17+commit.d19bba13,v0.5,f2ddae89449b7d26309a5d54614b1fc99c608af5_Ownable.sol
121,v0.5.17+commit.d19bba13,v0.5,f2ddae89449b7d26309a5d54614b1fc99c608af5_IERC20.sol
122,v0.5.17+commit.d19bba13,v0.5,f2ddae89449b7d26309a5d54614b1fc99c608af5_SafeMath.sol
123,v0.5.9+commit.c68bc34e,v0.5,252b9f56359901a0bde52d0675b1f1130d86f471_PandoToken.sol
124,v0.5.17+commit.d19bba13,v0.5,96c520a79bf62c955eaa044f600f67e3ecfeff52_LandToken.sol
125,v0.5.4+commit.9549d8ff,v0.5,5cbe98480a790554403694b98bff71a525907f5d_ProxySwapAsset.sol
126,v0.5.16+commit.9c3226ce,v0.5,38e4adb44ef08f22f5b5b76a8f0c2d0dcbe7dca1_Cvp.sol
127,v0.5.0+commit.1d4f565a,v0.5,a393473d64d2f9f026b60b6df7859a689715d092_LatticeToken.sol
128,v0.5.17+commit.d19bba13,v0.5,27702a26126e0b3702af63ee09ac4d1a084ef628_EIP20Interface.sol
129,v0.5.17+commit.d19bba13,v0.5,9e976f211daea0d652912ab99b0dc21a7fd728e4_map.sol
130,v0.5.17+commit.d19bba13,v0.5,6c28aef8977c9b773996d0e8376d2ee379446f2f_QuickToken.sol
131,v0.5.11+commit.22be8592,v0.5,8b39b70e39aa811b69365398e0aace9bee238aeb_PkfToken.sol
132,v0.5.1+commit.c8a2cb62,v0.5,74a499a6e541a9a69f7d9cbd8aefbb6218050aa5_TokenERC20.sol
133,v0.5.17+commit.d19bba13,v0.5,8b0e42f366ba502d787bb134478adfae966c8798_ERC20Token.sol
134,v0.5.3+commit.10d17f24,v0.5,c5cacb708425961594b63ec171f4df27a9c0d8c9_AdminUpgradeabilityProxy.sol
135,v0.5.7+commit.6da8b019,v0.5,80c48f90d835c641e293962f44bb57ae18bf48b4_GSNxPS.sol
136,v0.5.17+commit.d19bba13,v0.5,ee03e3d55d52a35ee364fce45cd1373e0f53f8d9_NamedContract.sol
137,v0.5.17+commit.d19bba13,v0.5,ee03e3d55d52a35ee364fce45cd1373e0f53f8d9_Ownable.sol
138,v0.5.17+commit.d19bba13,v0.5,ee03e3d55d52a35ee364fce45cd1373e0f53f8d9_StakingEvent.sol
139,v0.5.9+commit.e560f70d,v0.5,a7437c148c782d260b929140262a8e873e7f7ff4_Bussiness.sol
140,v0.5.17+commit.d19bba13,v0.5,95aa5d2dbd3c16ee3fdea82d5c6ec3e38ce3314f_PXPv2Token.sol
141,v0.5.0+commit.1d4f565a,v0.5,AE66bEa480f7a6C91F07C58f2AEe185883558fb8_EDC.sol
142,v0.5.0+commit.1d4f565a,v0.5,86c9f9df4a0bfc9a52eb3d16bcce3bc50d1a34ae_MyAdvancedToken.sol
143,v0.5.15+commit.6a57276f,v0.5,c221b7e65ffc80de234bbb6667abdd46593d34f0_ERC20.sol
144,v0.5.7+commit.6da8b019,v0.5,5382069BAb09032965554EF185929b273d860825_ForestPlus.sol
145,v0.5.17+commit.d19bba13,v0.5,9534ad65fb398e27ac8f4251dae1780b989d136e_PYRToken.sol
146,v0.5.16+commit.9c3226ce,v0.5,92701D42E1504ef9FCe6d66A2054218b048ddA43_OwnedUpgradeabilityProxy.sol
147,v0.5.2+commit.1df8f40c,v0.5,26e601133B24200c4d59aAde6b4C7095291ea735_TokenERC20.sol
148,v0.5.17+commit.d19bba13,v0.5,74232704659ef37c08995e386a2e26cc27a8d7b1_STRK.sol
149,v0.5.12+commit.7709ece9,v0.5,64de91f5a373cd4c28de3600cb34c7c6ce410c85_MedianETHUSD.sol
150,v0.5.16+commit.9c3226ce,v0.5,20cd2e7ec8f5d8b337fe46a4f565ccef1561b9a9_ESG.sol
151,v0.5.17+commit.d19bba13,v0.5,Fc979087305A826c2B2a0056cFAbA50aad3E6439_DAFIToken.sol
152,v0.5.0+commit.1d4f565a,v0.5,243cacb4d5ff6814ad668c3e225246efa886ad5a_TokenMintERC20Token.sol
153,v0.5.17+commit.d19bba13,v0.5,e66b3aa360bb78468c00bebe163630269db3324f_MerchantToken.sol
154,v0.5.16+commit.9c3226ce,v0.5,799ebfABE77a6E34311eeEe9825190B9ECe32824_BTRST.sol
155,v0.5.3+commit.10d17f24,v0.5,b6dae651468e9593e4581705a09c10a76ac1e0c8_AdminUpgradeabilityProxy.sol
156,v0.5.17+commit.d19bba13,v0.5,F9Fb1c508Ff49F78b60d3A96dea99Fa5d7F3A8A6_EthManager.sol
157,v0.5.12+commit.7709ece9,v0.5,e0f30cb149faadc7247e953746be9bbbb6b5751f_MedianBTCUSD.sol
158,v0.5.0+commit.1d4f565a,v0.5,8bbe1a2961b41340468d0548c2cd5b7dfa9b684c_HandyToken.sol
159,v0.5.0+commit.1d4f565a,v0.5,69b14e8d3cebfdd8196bfe530954a0c226e5008e_SpacePiERC20Token.sol
160,v0.5.17+commit.d19bba13,v0.5,2A70605e53a2a596E04df8A775E0e8C9fEd62F9a_Pool.sol
161,v0.5.7+commit.6da8b019,v0.5,72F020f8f3E8fd9382705723Cd26380f8D0c66Bb_IERC20.sol
162,v0.5.7+commit.6da8b019,v0.5,72F020f8f3E8fd9382705723Cd26380f8D0c66Bb_SafeMath.sol
163,v0.5.7+commit.6da8b019,v0.5,72F020f8f3E8fd9382705723Cd26380f8D0c66Bb_PlotXToken.sol
164,v0.5.17+commit.d19bba13,v0.5,1f8a626883d7724dbd59ef51cbd4bf1cf2016d13_Jigstack.sol
165,v0.5.10+commit.5a6ea5b1,v0.5,5a50b3d55e9a1089029824a26caaa8f2abfc4bb0_XUNII_ERC20.sol
166,v0.5.8+commit.23d335f2,v0.5,24ec2ca132abf8f6f8a6e24a1b97943e31f256a7_DotmoovsToken.sol
167,v0.5.0+commit.1d4f565a,v0.5,78132543d8e20d2417d8a07d9ae199d458a0d581_TokenMintERC20Token.sol
168,v0.5.0+commit.1d4f565a,v0.5,24da31e7bb182cb2cabfef1d88db19c2ae1f5572_TokenMintERC20Token.sol
169,v0.5.16+commit.9c3226ce,v0.5,fe9a29ab92522d14fc65880d817214261d8479ae_Snow.sol
170,v0.5.16+commit.9c3226ce,v0.5,A1775DE58918a98405F7e98729257e8356605f83_KingdomPay.sol
171,v0.5.1+commit.c8a2cb62,v0.5,3d35ab68ecf82c415752a4f73f31a25578cbfd9c_TokenERC20.sol
172,v0.5.0+commit.1d4f565a,v0.5,382A1667C9062F0621362F49076Ef6e4fE4C9eC7_Proxy.sol
173,v0.5.0+commit.1d4f565a,v0.5,e09fb60e8d6e7e1cebbe821bd5c3fc67a40f86bf_PikachuToken.sol
174,v0.5.9+commit.e560f70d,v0.5,84c722e6f1363e8d5c6db3ea600bef9a006da824_SafeMath.sol
175,v0.5.9+commit.e560f70d,v0.5,84c722e6f1363e8d5c6db3ea600bef9a006da824_ERC20Interface.sol
176,v0.5.9+commit.e560f70d,v0.5,84c722e6f1363e8d5c6db3ea600bef9a006da824_OwnerHelper.sol
177,v0.5.17+commit.d19bba13,v0.5,73B1714FB3BFaeFA12F3707bEfcBa3205f9A1162_TokenSwap.sol
178,v0.5.12+commit.7709ece9,v0.5,18b4633d6e39870f398597f3c1ba8c4a41294966_MedianBATUSD.sol
179,v0.5.17+commit.d19bba13,v0.5,2dccdb493827e15a5dc8f8b72147e6c4a5620857_ERC20EthManager.sol
180,v0.5.16+commit.9c3226ce,v0.5,06f3c323f0238c72bf35011071f2b5b7f43a054c_MASQv2.sol
181,v0.5.0+commit.1d4f565a,v0.5,C76D53F988820fe70E01eCCb0248B312c2f1c7cA_Inu.sol
182,v0.5.17+commit.d19bba13,v0.5,d08bd5110b58396d435665de74a43a06b0136b10_TokenERC20.sol
183,v0.5.17+commit.d19bba13,v0.5,3D3D35bb9bEC23b06Ca00fe472b50E7A4c692C30_Team3D.sol
184,v0.5.17+commit.d19bba13,v0.5,4d7968ebfD390D5E7926Cb3587C39eFf2F9FB225_AudiusAdminUpgradeabilityProxy.sol
185,v0.5.12+commit.7709ece9,v0.5,89AC26C0aFCB28EC55B6CD2F6b7DAD867Fa24639_Median.sol
186,v0.5.17+commit.d19bba13,v0.5,c626d951eff8e421448074bd2ad7805c6d585793_TigerKing.sol
187,v0.5.16+commit.9c3226ce,v0.5,77df79539083dcd4a8898dba296d899afef20067_Artem.sol
188,v0.5.12+commit.7709ece9,v0.5,bad4212d73561b240f10c56f27e6d9608963f17b_MedianLINKUSD.sol
189,v0.5.0+commit.1d4f565a,v0.5,8d96B4ab6C741a4C8679AE323a100d74f085BA8F_Bazaars.sol
190,v0.5.17+commit.d19bba13,v0.5,a672a2c2afe36345f0c8396537b241d45b97e0f2_MerkleClaim.sol
191,v0.5.17+commit.d19bba13,v0.5,dF708431162Ba247dDaE362D2c919e0fbAfcf9DE_solidity_contracts_GrantStakingPolicy.sol
192,v0.5.17+commit.d19bba13,v0.5,dF708431162Ba247dDaE362D2c919e0fbAfcf9DE_openzeppelin-solidity_contracts_cryptography_ECDSA.sol
193,v0.5.17+commit.d19bba13,v0.5,dF708431162Ba247dDaE362D2c919e0fbAfcf9DE_openzeppelin-solidity_contracts_GSN_Context.sol
194,v0.5.17+commit.d19bba13,v0.5,dF708431162Ba247dDaE362D2c919e0fbAfcf9DE_openzeppelin-solidity_contracts_utils_ReentrancyGuard.sol
195,v0.5.17+commit.d19bba13,v0.5,dF708431162Ba247dDaE362D2c919e0fbAfcf9DE_openzeppelin-solidity_contracts_math_SafeMath.sol
196,v0.5.17+commit.d19bba13,v0.5,dF708431162Ba247dDaE362D2c919e0fbAfcf9DE_openzeppelin-solidity_contracts_utils_Address.sol
197,v0.5.17+commit.d19bba13,v0.5,dF708431162Ba247dDaE362D2c919e0fbAfcf9DE_openzeppelin-solidity_contracts_token_ERC20_IERC20.sol
198,v0.5.17+commit.d19bba13,v0.5,dF708431162Ba247dDaE362D2c919e0fbAfcf9DE_solidity_contracts_utils_OperatorParams.sol
199,v0.5.17+commit.d19bba13,v0.5,dF708431162Ba247dDaE362D2c919e0fbAfcf9DE_solidity_contracts_utils_ModUtils.sol
200,v0.6.8+commit.0bbfe453,v0.6,fbddadd80fe7bda00b901fbaf73803f2238ae655_AdminUpgradeabilityProxy.sol
201,v0.6.8+commit.0bbfe453,v0.6,cda72070e455bb31c7690a170224ce43623d0b6f_AdminUpgradeabilityProxy.sol
202,v0.6.12+commit.27d51765,v0.6,03f34be1bf910116595db1b11e9d1b2ca5d59659_Tokenlon.sol
203,v0.6.11+commit.5ef660b1,v0.6,00000000219ab540356cbb839cbe05303d7705fa_DepositContract.sol
204,v0.6.12+commit.27d51765,v0.6,e28b3B32B6c345A34Ff64674606124Dd5Aceca30_InjectiveToken.sol
205,v0.6.6+commit.6c089d02,v0.6,69af81e73a73b40adf4f3d4223cd9b1ece623074_MaskToken.sol
206,v0.6.12+commit.27d51765,v0.6,090185f2135308bad17527004364ebcc2d37e5f6_Spell.sol
207,v0.6.8+commit.0bbfe453,v0.6,3b3ee1931dc30c1957379fac9aba94d1c48a5405_AdminUpgradeabilityProxy.sol
208,v0.6.12+commit.27d51765,v0.6,25f8087EAD173b73D6e8B84329989A8eEA16CF73_YGGToken.sol
209,v0.6.10+commit.00c0fcaf,v0.6,00c83aeCC790e8a4453e5dD3B0B4b3680501a7A7_OCSafeCast.sol
210,v0.6.10+commit.00c0fcaf,v0.6,00c83aeCC790e8a4453e5dD3B0B4b3680501a7A7_ILocker.sol
211,v0.6.10+commit.00c0fcaf,v0.6,00c83aeCC790e8a4453e5dD3B0B4b3680501a7A7_IDelegatableToken.sol
212,v0.6.10+commit.00c0fcaf,v0.6,00c83aeCC790e8a4453e5dD3B0B4b3680501a7A7_OCIERC777.sol
213,v0.6.10+commit.00c0fcaf,v0.6,00c83aeCC790e8a4453e5dD3B0B4b3680501a7A7_OCContext.sol
214,v0.6.10+commit.00c0fcaf,v0.6,00c83aeCC790e8a4453e5dD3B0B4b3680501a7A7_OCECDSA.sol
215,v0.6.10+commit.00c0fcaf,v0.6,00c83aeCC790e8a4453e5dD3B0B4b3680501a7A7_OCIERC20.sol
216,v0.6.10+commit.00c0fcaf,v0.6,00c83aeCC790e8a4453e5dD3B0B4b3680501a7A7_OEPAddress.sol
217,v0.6.10+commit.00c0fcaf,v0.6,00c83aeCC790e8a4453e5dD3B0B4b3680501a7A7_OEPEnumerableSet.sol
218,v0.6.10+commit.00c0fcaf,v0.6,00c83aeCC790e8a4453e5dD3B0B4b3680501a7A7_OEPInitializable.sol
219,v0.6.10+commit.00c0fcaf,v0.6,00c83aeCC790e8a4453e5dD3B0B4b3680501a7A7_OCIERC1820Registry.sol
220,v0.6.10+commit.00c0fcaf,v0.6,00c83aeCC790e8a4453e5dD3B0B4b3680501a7A7_OCIERC777Recipient.sol
221,v0.6.10+commit.00c0fcaf,v0.6,00c83aeCC790e8a4453e5dD3B0B4b3680501a7A7_OCReentrancyGuard.sol
222,v0.6.10+commit.00c0fcaf,v0.6,00c83aeCC790e8a4453e5dD3B0B4b3680501a7A7_OCIERC777Sender.sol
223,v0.6.10+commit.00c0fcaf,v0.6,00c83aeCC790e8a4453e5dD3B0B4b3680501a7A7_MathUtils.sol
224,v0.6.10+commit.00c0fcaf,v0.6,00c83aeCC790e8a4453e5dD3B0B4b3680501a7A7_OCSafeMath.sol
225,v0.6.12+commit.27d51765,v0.6,3E9BC21C9b189C09dF3eF1B824798658d5011937_LnProxyERC20.sol
226,v0.6.12+commit.27d51765,v0.6,f1f955016EcbCd7321c7266BccFB96c68ea5E49b_RallyToken.sol
227,v0.6.9+commit.3e3065ac,v0.6,43dfc4159d86f3a37a5a4b3d4580b888ad7d4ddd_DODOToken.sol
228,v0.6.8+commit.0bbfe453,v0.6,2a3bff78b79a009976eea096a51a948a3dc00e34_AdminUpgradeabilityProxy.sol
229,v0.6.12+commit.27d51765,v0.6,6149c26cd2f7b5ccdb32029af817123f6e37df5b_LaunchPoolToken.sol
230,v0.6.4+commit.1dca32f3,v0.6,8e46a1c546857679d5e62133fffb9b82d8f72061_AutoEtherBot.sol
231,v0.6.11+commit.5ef660b1,v0.6,84654bE796DAD370032391D5479F8f1FD9Ddd14e_ProxyFactory.sol
232,v0.6.12+commit.27d51765,v0.6,584bc13c7d411c00c01a62e8019472de68768430_Hegic.sol
233,v0.6.4+commit.1dca32f3,v0.6,fb7b4564402e5500db5bb6d63ae671302777c75a_Dextools.sol
234,v0.6.12+commit.27d51765,v0.6,5Fda1bb20918E579793B737cD4D72e1E2e7E83e7_Pledge.sol
235,v0.6.6+commit.6c089d02,v0.6,67b6d479c7bb412c54e03dca8e1bc6740ce6b99c_KylinToken.sol
236,v0.6.8+commit.0bbfe453,v0.6,7d5121505149065b562c789a0145ed750e6e8cdd_Context.sol
237,v0.6.8+commit.0bbfe453,v0.6,7d5121505149065b562c789a0145ed750e6e8cdd_Math.sol
238,v0.6.8+commit.0bbfe453,v0.6,7d5121505149065b562c789a0145ed750e6e8cdd_SafeMath.sol
239,v0.6.8+commit.0bbfe453,v0.6,7d5121505149065b562c789a0145ed750e6e8cdd_IERC20.sol
240,v0.6.8+commit.0bbfe453,v0.6,7d5121505149065b562c789a0145ed750e6e8cdd_Address.sol
241,v0.6.8+commit.0bbfe453,v0.6,a36972e347e538e6c7afb9f44fb10dda7bba9ba2_ECDSA.sol
242,v0.6.8+commit.0bbfe453,v0.6,a36972e347e538e6c7afb9f44fb10dda7bba9ba2_Address.sol
243,v0.6.8+commit.0bbfe453,v0.6,a36972e347e538e6c7afb9f44fb10dda7bba9ba2_Interfaces.sol
244,v0.6.8+commit.0bbfe453,v0.6,a36972e347e538e6c7afb9f44fb10dda7bba9ba2_SafeMath.sol
245,v0.6.8+commit.0bbfe453,v0.6,a36972e347e538e6c7afb9f44fb10dda7bba9ba2_Owned.sol
246,v0.6.8+commit.0bbfe453,v0.6,a36972e347e538e6c7afb9f44fb10dda7bba9ba2_SafeMath64.sol
247,v0.6.12+commit.27d51765,v0.6,488e3a4Bbbb2386bA619Eed88319E807C3dDb6C2_XGoldProxy.sol
248,v0.6.2+commit.bacdbe57,v0.6,Bd356a39BFf2cAda8E9248532DD879147221Cf76_WOMTokenProxy.sol
249,v0.6.12+commit.27d51765,v0.6,26c8AFBBFE1EBaca03C2bB082E69D0476Bffe099_CellToken.sol
250,v0.6.12+commit.27d51765,v0.6,0944d5848bd9f60a34ba92aea300d4286696eb76_TransparentUpgradeableProxy.sol
251,v0.6.12+commit.27d51765,v0.6,4b1e80cac91e2216eeb63e29b957eb91ae9c2be8_Jupiter.sol
252,v0.6.6+commit.6c089d02,v0.6,dacd69347de42babfaecd09dc88958378780fb62_AtariToken.sol
253,v0.6.6+commit.6c089d02,v0.6,6f5e77cea0abdda40013a8ef53639c96972fb745_NewYorkExchangeCoinToken.sol
254,v0.6.6+commit.6c089d02,v0.6,6f87d756daf0503d08eb8993686c7fc01dc44fb1_UNITRADE.sol
255,v0.6.12+commit.27d51765,v0.6,850aab69f0e0171a9a49db8be3e71351c8247df4_KonomiToken.sol
256,v0.6.8+commit.0bbfe453,v0.6,6d19b2bf3a36a61530909ae65445a906d98a2fa8_Ownable.sol
257,v0.6.8+commit.0bbfe453,v0.6,6d19b2bf3a36a61530909ae65445a906d98a2fa8_MerkleProof.sol
258,v0.6.8+commit.0bbfe453,v0.6,6d19b2bf3a36a61530909ae65445a906d98a2fa8_IERC20.sol
259,v0.6.12+commit.27d51765,v0.6,10905cF4A5b11e7aFA064971B60701C71A04D7F3_Minter.sol
260,v0.6.6+commit.6c089d02,v0.6,C8c1B41713761281a520b7ad81544197bc85a4Ce_ETHBurgerTransit.sol
261,v0.6.12+commit.27d51765,v0.6,29cbd0510eec0327992cd6006e63f9fa8e7f33b7_TidalToken.sol
262,v0.6.12+commit.27d51765,v0.6,8db1d28ee0d822367af8d220c0dc7cb6fe9dc442_TransparentUpgradeableProxy.sol
263,v0.6.12+commit.27d51765,v0.6,43A96962254855F16b925556f9e97BE436A43448_HordToken.sol
264,v0.6.12+commit.27d51765,v0.6,21381e026ad6d8266244f2a583b35f9e4413fa2a_FormToken.sol
265,v0.6.11+commit.5ef660b1,v0.6,b2be281e8b11b47fec825973fc8bb95332022a54__Users_igor_job_dev_defi-sdk_contracts_shared_ERC20.sol
266,v0.6.11+commit.5ef660b1,v0.6,b2be281e8b11b47fec825973fc8bb95332022a54__Users_igor_job_dev_defi-sdk_contracts_shared_Helpers.sol
267,v0.6.11+commit.5ef660b1,v0.6,b2be281e8b11b47fec825973fc8bb95332022a54__Users_igor_job_dev_defi-sdk_contracts_adapters_ProtocolAdapter.sol
268,v0.6.11+commit.5ef660b1,v0.6,b2be281e8b11b47fec825973fc8bb95332022a54__Users_igor_job_dev_defi-sdk_contracts_core_ReentrancyGuard.sol
269,v0.6.11+commit.5ef660b1,v0.6,b2be281e8b11b47fec825973fc8bb95332022a54__Users_igor_job_dev_defi-sdk_contracts_core_Ownable.sol
270,v0.6.11+commit.5ef660b1,v0.6,b2be281e8b11b47fec825973fc8bb95332022a54__Users_igor_job_dev_defi-sdk_contracts_shared_Structs.sol
271,v0.6.10+commit.00c0fcaf,v0.6,0954906da0Bf32d5479e25f46056d22f08464cab_IndexToken.sol
272,v0.6.8+commit.0bbfe453,v0.6,f938424f7210f31df2aee3011291b658f872e91e_ERC20.sol
273,v0.6.12+commit.27d51765,v0.6,f8f12fe1b51d1398019c4facd4d00adab5fef746_TeleportCustody.sol
274,v0.6.7+commit.b8d736ae,v0.6,03ab458634910aad20ef5f1c8ee96f1d6ac54919_Coin.sol
275,v0.6.12+commit.27d51765,v0.6,081131434f93063751813C619Ecca9C4dC7862a3_BEP20Token.sol
276,v0.6.0+commit.26b70077,v0.6,8b3870df408ff4d7c3a26df852d41034eda11d81_IOI.sol
277,v0.6.10+commit.00c0fcaf,v0.6,329239599afb305da0a2ec69c58f8a6697f9f88d_YPoolDelegator.sol
278,v0.6.12+commit.27d51765,v0.6,187e8e5c70457C756A5779AEB2227eF098bCA776_AdminUpgradeabilityProxy.sol
279,v0.6.6+commit.6c089d02,v0.6,aa25602bccf3bbde8e2f0f09f3a1f6def54593c0_BlockhashStore.sol
280,v0.6.12+commit.27d51765,v0.6,DE3e5a990bCE7fC60a6f017e7c4a95fc4939299E_TokenDistributor.sol
281,v0.6.12+commit.27d51765,v0.6,44aa53e498407cfcbc968cabc883b82c26dc3035_ReserveDepositorV1.sol
282,v0.6.0+commit.26b70077,v0.6,87de305311d5788e8da38d19bb427645b09cb4e5_VEROX.sol
283,v0.6.12+commit.27d51765,v0.6,d4342a57eCf2Fe7ffA37c33cb8f63b1500e575E6_ApronToken.sol
284,v0.6.12+commit.27d51765,v0.6,adb2437e6f65682b85f814fbc12fec0508a7b1d0_SafeMath.sol
285,v0.6.12+commit.27d51765,v0.6,adb2437e6f65682b85f814fbc12fec0508a7b1d0_Context.sol
286,v0.6.12+commit.27d51765,v0.6,adb2437e6f65682b85f814fbc12fec0508a7b1d0_Address.sol
287,v0.6.12+commit.27d51765,v0.6,adb2437e6f65682b85f814fbc12fec0508a7b1d0_IERC20.sol
288,v0.6.12+commit.27d51765,v0.6,11613b1f840bb5a40f8866d857e24da126b79d73_@openzeppelin_contracts_GSN_Context.sol
289,v0.6.12+commit.27d51765,v0.6,11613b1f840bb5a40f8866d857e24da126b79d73_@openzeppelin_contracts_token_ERC20_IERC20.sol
290,v0.6.12+commit.27d51765,v0.6,11613b1f840bb5a40f8866d857e24da126b79d73_@openzeppelin_contracts_utils_EnumerableSet.sol
291,v0.6.12+commit.27d51765,v0.6,11613b1f840bb5a40f8866d857e24da126b79d73_@openzeppelin_contracts_math_SafeMath.sol
292,v0.6.12+commit.27d51765,v0.6,11613b1f840bb5a40f8866d857e24da126b79d73_@openzeppelin_contracts_utils_Address.sol
293,v0.6.12+commit.27d51765,v0.6,d784927ff2f95ba542bfc824c8a8a98f3495f6b5_InitializableImmutableAdminUpgradeabilityProxy.sol
294,v0.6.11+commit.5ef660b1,v0.6,090e53c44e8a9b6b1bca800e881455b921aec420_MerkleDistributor.sol
295,v0.6.12+commit.27d51765,v0.6,5096704F747246ABaBCDa9Edd8736B68f90Ae54F_UNQTpresale.sol
296,v0.6.8+commit.0bbfe453,v0.6,19CD3998f106eCC40eE7668c19C47e18b491e8a6_AdminUpgradeabilityProxy.sol
297,v0.6.12+commit.27d51765,v0.6,3ab6ed69ef663bd986ee59205ccad8a20f98b4c2_DrepToken.sol
298,v0.6.2+commit.bacdbe57,v0.6,B1e9157c2Fdcc5a856C8DA8b2d89b6C32b3c1229_Context.sol
299,v0.6.2+commit.bacdbe57,v0.6,B1e9157c2Fdcc5a856C8DA8b2d89b6C32b3c1229_IERC20.sol
300,v0.7.5+commit.eb77ed08,v0.7,ffa397285ce46fb78c588a9e993286aac68c37cd_ForwarderFactory.sol
301,v0.7.1+commit.f4a555be,v0.7,761d38e5ddf6ccf6cf7c55759d5210750b5d60f3_Dogelon.sol
302,v0.7.0+commit.9e61f92b,v0.7,bbd3c0c794f40c4f993b03f65343acc6fcfcb2e2_Ownable.sol
303,v0.7.0+commit.9e61f92b,v0.7,bbd3c0c794f40c4f993b03f65343acc6fcfcb2e2_Address.sol
304,v0.7.0+commit.9e61f92b,v0.7,4fe83213d56308330ec302a8bd641f1d0113a4cc_NuCypherToken.sol
305,v0.7.5+commit.eb77ed08,v0.7,c8c436271f9a6f10a5b80c8b8ed7d0e8f37a612d_StakingHelper.sol
306,v0.7.0+commit.9e61f92b,v0.7,0BABA1Ad5bE3a5C0a66E7ac838a129Bf948f1eA4_OwnedUpgradabilityProxy.sol
307,v0.7.2+commit.51b20bc0,v0.7,469788fE6E9E9681C6ebF3bF78e7Fd26Fc015446__contracts_DelegateRegistry.sol
308,v0.7.6+commit.7338295f,v0.7,40A2aCCbd92BCA938b02010E17A5b8929b49130D_MultiSendCallOnly.sol
309,v0.7.5+commit.eb77ed08,v0.7,c0840ec5527d3e70d66ae6575642916f3fd18adf_StakingHelper.sol
310,v0.7.6+commit.7338295f,v0.7,083d41d6dd21ee938f0c055ca4fb12268df0efac_GOGOLCOIN.sol
311,v0.7.3+commit.9bfce1f6,v0.7,7bef710a5759d197ec0bf621c3df802c2d60d848_ERC20.sol
312,v0.7.4+commit.3f05b770,v0.7,bc4171f45EF0EF66E76F979dF021a34B46DCc81d_ERC20.sol
313,v0.7.6+commit.7338295f,v0.7,88A9A52F944315D5B4e917b9689e65445C401E83_Fear.sol
314,v0.7.1+commit.f4a555be,v0.7,8564653879a18c560e7c0ea0e084c516c62f5653_Roles.sol
315,v0.7.1+commit.f4a555be,v0.7,8564653879a18c560e7c0ea0e084c516c62f5653_SafeMath.sol
316,v0.7.1+commit.f4a555be,v0.7,8564653879a18c560e7c0ea0e084c516c62f5653_Address.sol
317,v0.7.1+commit.f4a555be,v0.7,8564653879a18c560e7c0ea0e084c516c62f5653_Context.sol
318,v0.7.1+commit.f4a555be,v0.7,8564653879a18c560e7c0ea0e084c516c62f5653_ERC20Storage.sol
319,v0.7.1+commit.f4a555be,v0.7,8564653879a18c560e7c0ea0e084c516c62f5653_IERC20.sol
320,v0.7.1+commit.f4a555be,v0.7,8564653879a18c560e7c0ea0e084c516c62f5653_Proxy.sol
321,v0.7.1+commit.f4a555be,v0.7,8564653879a18c560e7c0ea0e084c516c62f5653_Migrations.sol
322,v0.7.1+commit.f4a555be,v0.7,8564653879a18c560e7c0ea0e084c516c62f5653_Initializable.sol
323,v0.7.6+commit.7338295f,v0.7,1A26ef6575B7BBB864d984D9255C069F6c361a14_Proxy__L1LiquidityPoolArguments.sol
324,v0.7.4+commit.3f05b770,v0.7,CFbFaC74C26F8647cBDb8c5caf80BB5b32E43134__contracts_SignatureDecoder.sol
325,v0.7.4+commit.3f05b770,v0.7,CFbFaC74C26F8647cBDb8c5caf80BB5b32E43134__contracts_Enum.sol
326,v0.7.5+commit.eb77ed08,v0.7,b9d99c33ea2d86ec5ec6b8a4dd816ebba64404af_K21.sol
327,v0.7.0+commit.9e61f92b,v0.7,e9778E69a961e64d3cdBB34CF6778281d34667c2_Snapshot.sol
328,v0.7.0+commit.9e61f92b,v0.7,e9778E69a961e64d3cdBB34CF6778281d34667c2_SafeMath.sol
329,v0.7.0+commit.9e61f92b,v0.7,e9778E69a961e64d3cdBB34CF6778281d34667c2_IERC20.sol
330,v0.7.0+commit.9e61f92b,v0.7,e9778E69a961e64d3cdBB34CF6778281d34667c2_IERC900History.sol
331,v0.7.0+commit.9e61f92b,v0.7,e9778E69a961e64d3cdBB34CF6778281d34667c2_Math.sol
332,v0.7.0+commit.9e61f92b,v0.7,e9778E69a961e64d3cdBB34CF6778281d34667c2_Address.sol
333,v0.7.0+commit.9e61f92b,v0.7,e9778E69a961e64d3cdBB34CF6778281d34667c2_Bits.sol
334,v0.7.0+commit.9e61f92b,v0.7,e9778E69a961e64d3cdBB34CF6778281d34667c2_Ownable.sol
335,v0.7.6+commit.7338295f,v0.7,1Da87b114f35E1DC91F72bF57fc07A768Ad40Bb0_Equalizer.sol
336,v0.7.1+commit.f4a555be,v0.7,79c75e2e8720b39e258f41c37cc4f309e0b0ff80_PhantasmaToken.sol
337,v0.7.6+commit.7338295f,v0.7,1344A36A1B56144C3Bc62E7757377D288fDE0369_nProxy.sol
338,v0.7.1+commit.f4a555be,v0.7,0dd1989e4b0e82f154b729ff47f8c9a4f4b2cc1c_MILF.sol
339,v0.7.5+commit.eb77ed08,v0.7,364c90218f6664f6c8B154AD9C3e31947cD3640c_TradingVault.sol
340,v0.7.6+commit.7338295f,v0.7,aaca86b876ca011844b5798eca7a67591a9743c8_BIOS.sol
341,v0.7.0+commit.9e61f92b,v0.7,5d3a4F62124498092Ce665f865E0b38fF6F5FbEa_ideaology.sol
342,v0.7.6+commit.7338295f,v0.7,6069c9223e8a5DA1ec49ac5525d4BB757Af72Cd8_Token.sol
343,v0.7.5+commit.eb77ed08,v0.7,CFEAead4947f0705A14ec42aC3D44129E1Ef3eD5_nProxy.sol
344,v0.7.6+commit.7338295f,v0.7,829c97092c0cc92efe7397dd3ddb831cc5835bae_MineNetworkToken.sol
345,v0.7.5+commit.eb77ed08,v0.7,54ee01beb60e745329e6a8711ad2d6cb213e38d7_DEFISocial.sol
346,v0.7.5+commit.eb77ed08,v0.7,59F54eeD3e1eA731AdbFB0e417490F9B50E31B10_EternalStorageProxy.sol
347,v0.7.6+commit.7338295f,v0.7,659a00c33263d9254Fed382dE81349426C795BB6_L1DAIBridge.sol
348,v0.7.5+commit.eb77ed08,v0.7,3eC8d9C851552b8917182F39F6014e14e6EE0BfC_StakingHelper.sol
349,v0.7.6+commit.7338295f,v0.7,7BeBd226154E865954A87650FAefA8F485d36081_ZigCoin.sol
350,v0.7.3+commit.9bfce1f6,v0.7,324c7ec7fb2bc61646ac2f22f6d06ab29b6c87a3_BridgeDeposit.sol
351,v0.7.0+commit.9e61f92b,v0.7,1bb88809f12038c1742427409a23035837054071_Jack.sol
352,v0.7.0+commit.9e61f92b,v0.7,1Bcc32Ac1C994CE7e9526FbaF95f37AbC0B2EC39_IOwnershipTransferrable.sol
353,v0.7.0+commit.9e61f92b,v0.7,1Bcc32Ac1C994CE7e9526FbaF95f37AbC0B2EC39_SafeMath.sol
354,v0.7.0+commit.9e61f92b,v0.7,1Bcc32Ac1C994CE7e9526FbaF95f37AbC0B2EC39_ReentrancyGuard.sol
355,v0.7.6+commit.7338295f,v0.7,239a883DF042B1480E9230082697c67c1afaA46D_SpaceStationProxy.sol
356,v0.7.1+commit.f4a555be,v0.7,14eb60f5f270b059b0c788de0ddc51da86f8a06d_PhantasmaToken.sol
357,v0.7.6+commit.7338295f,v0.7,d17b3c9784510E33cD5B87b490E79253BcD81e2E_Proxy.sol
358,v0.7.4+commit.3f05b770,v0.7,a93546947f3015c986695750b8bbea8e26d65856_DIAOracleV2.sol
359,v0.7.4+commit.3f05b770,v0.7,ca3fe04c7ee111f0bbb02c328c699226acf9fd33_SEEN.sol
360,v0.7.3+commit.9bfce1f6,v0.7,f34f69fb72b7b6ccdbda906ad58af1ebfaa76c42_EthanolVault.sol
361,v0.7.6+commit.7338295f,v0.7,9e547061a345015869d26c7b6ee4ab5b63424441_CryptoCart.sol
362,v0.7.4+commit.3f05b770,v0.7,Decade1c6Bf2cD9fb89aFad73e4a519C867adcF5_WisdomToken.sol
363,v0.7.4+commit.3f05b770,v0.7,06677dc4fe12d3ba3c7ccfd0df8cd45e4d4095bf_CustomToken.sol
364,v0.7.6+commit.7338295f,v0.7,058bd726f1e7e56f819b7bdc431c9da8efb11cc8_PayoutClaimDistributor.sol
365,v0.7.2+commit.51b20bc0,v0.7,16772a7f4a3ca291C21B8AcE76F9332dDFfbb5Ef_AdminUpgradeabilityProxy.sol
366,v0.7.6+commit.7338295f,v0.7,d049206fb408a611e543791f2d8f102a8bc253dc_NAOToken.sol
367,v0.7.6+commit.7338295f,v0.7,837d8ecb25646635956c94f5acbd1e60a0b741cc_SentinelSwap.sol
368,v0.7.6+commit.7338295f,v0.7,5c60610ee8e502d8ce830ba189c075b5f39472df_PolyLocker.sol
369,v0.7.5+commit.eb77ed08,v0.7,644d94da13af3ac88a9a0dcaaa108e474b9a9b5f_StakingHelper.sol
370,v0.7.4+commit.3f05b770,v0.7,09b114dac9b0848819a59e944d631b98e06cdfa3_DIADafiOracle.sol
371,v0.7.2+commit.51b20bc0,v0.7,8FE74471F198E426e96bE65f40EeD1F8BA96e54f_AdminUpgradeabilityProxy.sol
372,v0.7.4+commit.3f05b770,v0.7,20398ad62bb2d930646d45a6d4292baa0b860c1f_FlashToken.sol
373,v0.7.0+commit.9e61f92b,v0.7,a462d0e6bb788c7807b1b1c96992ce1f7069e195_EQUUSMiningToken.sol
374,v0.7.2+commit.51b20bc0,v0.7,63d0eea1d7c0d1e89d7e665708d7e8997c0a9ed6_Ethanol.sol
375,v0.7.0+commit.9e61f92b,v0.7,3A1c1d1c06bE03cDDC4d3332F7C20e1B37c97CE9_SafeMath.sol
376,v0.7.0+commit.9e61f92b,v0.7,3A1c1d1c06bE03cDDC4d3332F7C20e1B37c97CE9_IOwnershipTransferrable.sol
377,v0.7.6+commit.7338295f,v0.7,7d4b1d793239707445305d8d2456d2c735f6b25b_cBSN.sol
378,v0.7.5+commit.eb77ed08,v0.7,Dda2ebc7D12418d8e002153d71a593D4EeF64E25_StakingHelper.sol
379,v0.7.1+commit.f4a555be,v0.7,2ecb95eb932dfbbb71545f4d23ca303700ac855f_TBCC.sol
380,v0.7.4+commit.3f05b770,v0.7,b64cd4f56043f8d80691433e395d08b1bebdadf0_Mora.sol
381,v0.7.6+commit.7338295f,v0.7,7efc09181cfeb60e59c4b5f17aab3219521b8ac4_RUNE_Bridge.sol
382,v0.7.6+commit.7338295f,v0.7,67cc621ab2d086a101cff3340df0a065ac75827c_FlokiMuskToken.sol
383,v0.7.6+commit.7338295f,v0.7,af91e8afbe87642dc628786188a54b78580a4d76_FundOfYours.sol
384,v0.7.0+commit.9e61f92b,v0.7,9d79d5b61de59d882ce90125b18f74af650acb93_NSBT.sol
385,v0.7.1+commit.f4a555be,v0.7,8f87ec6aad3b2a8c44f1298a1af56169b8e574cf_safemath.sol
386,v0.7.6+commit.7338295f,v0.7,97e6567C3B63d2e0ec4Ad0b96b356c675DA1aB7e_PresailDroplet.sol
387,v0.7.4+commit.3f05b770,v0.7,Ea6556E350cD0C61452a26aB34E69EBf6f1808BA_SafeMathLib.sol
388,v0.7.0+commit.9e61f92b,v0.7,eea9ae787f3a620072d13b2cdc8cabffb9c0ab96_Context.sol
389,v0.7.0+commit.9e61f92b,v0.7,eea9ae787f3a620072d13b2cdc8cabffb9c0ab96_SafeMath.sol
390,v0.7.0+commit.9e61f92b,v0.7,eea9ae787f3a620072d13b2cdc8cabffb9c0ab96_IERC20.sol
391,v0.7.4+commit.3f05b770,v0.7,47C0aD2aE6c0Ed4bcf7bc5b380D7205E89436e84_HEGICTokenIOU.sol
392,v0.7.5+commit.eb77ed08,v0.7,e1e83825613de12e8f0502da939523558f0b819e_RedeemHelper.sol
393,v0.7.5+commit.eb77ed08,v0.7,179b2f76806904f09bd4664d6fc25d2be5b073a9_ForwarderFactory.sol
394,v0.7.1+commit.f4a555be,v0.7,55a290f08bb4cae8dcf1ea5635a3fcfd4da60456_BITTO.sol
395,v0.7.0+commit.9e61f92b,v0.7,e5Cb9072E4be877b5eB1e4AaE80205b17Ba8bB9F_RmbcSeller.sol
396,v0.7.6+commit.7338295f,v0.7,20a68f9e34076b2dc15ce726d7eebb83b694702d_ISLAND.sol
397,v0.7.5+commit.eb77ed08,v0.7,3a424dc0fc7afcc6e0fef1c8da46c856f2bae181_StakingHelper.sol
398,v0.7.4+commit.3f05b770,v0.7,f2319b6d2ab252d8d80d8cec34daf0079222a624_ClaimContract.sol
399,v0.7.6+commit.7338295f,v0.7,a9cc3aa847dfe26d9f4ae1b8aeb50368a840a663_ERC20.sol
400,v0.8.3+commit.8d00100c,v0.8,a80f2c8f61c56546001f5fc2eb8d6e4e72c45d4c_UniqueUtilityToken.sol
401,v0.8.17+commit.8df45f5f,v0.8,0de8bf93da2f7eecb3d9169422413a9bef4ef628_CoinTool_App.sol
402,v0.8.4+commit.c7e474f2,v0.8,8e6cd950ad6ba651f6dd608dc70e5886b1aa6b24_StarLink.sol
403,v0.8.0+commit.c7dfd78e,v0.8,d3e4ba569045546d09cf021ecc5dfe42b1d7f6e4_MNW.sol
404,v0.8.4+commit.c7e474f2,v0.8,720cd16b011b987da3518fbf38c3071d4f0d1495_Flux.sol
405,v0.8.10+commit.fc410830,v0.8,3624525075b88b24ecc29ce226b0cec1ffcb6976_THORChain_Router.sol
406,v0.8.7+commit.e28d00a7,v0.8,6f922284798de645e8bc1040450d32bde963c992_DebankL2Register.sol
407,v0.8.2+commit.661d1103,v0.8,F955C57f9EA9Dc8781965FEaE0b6A2acE2BAD6f3_TransparentUpgradeableProxy.sol
408,v0.8.0+commit.c7dfd78e,v0.8,f203Ca1769ca8e9e8FE1DA9D147DB68B6c919817_WrappedNCG.sol
409,v0.8.7+commit.e28d00a7,v0.8,66761Fa41377003622aEE3c7675Fc7b5c1C2FaC5_CPOOL.sol
410,v0.8.7+commit.e28d00a7,v0.8,f091867ec603a6628ed83d274e835539d82e9cc8_Zeta.sol
411,v0.8.4+commit.c7e474f2,v0.8,9fa69536d1cda4a04cfb50688294de75b505a9ae_ERC20.sol
412,v0.8.7+commit.e28d00a7,v0.8,043827a6dcfffb7fe21953d3bad32a1c74bb73bf_JPEXCoin.sol
413,v0.8.9+commit.e5eed63a,v0.8,dc63269ea166b70d4780b3a11f5c825c2b761b01_PAW.sol
414,v0.8.0+commit.c7dfd78e,v0.8,48c276e8d03813224bb1e55f953adb6d02fd3e02_KumaTokenV2.sol
415,v0.8.17+commit.8df45f5f,v0.8,303389f541FF2D620E42832F180A08E767B28E10_SeriesNonceManager.sol
416,v0.8.3+commit.8d00100c,v0.8,42a5ed456650a09dc10ebc6361a7480fdd61f27b_THORChain_Router.sol
417,v0.8.10+commit.fc410830,v0.8,59828FdF7ee634AaaD3f58B19fDBa3b03E2D9d80_Proxy.sol
418,v0.8.5+commit.a4f2e591,v0.8,BAac2B4491727D78D2b78815144570b9f2Fe8899_InitializedProxy.sol
419,v0.8.12+commit.f00d7308,v0.8,ca11bde05977b3631167028862be2a173976ca11_Multicall3.sol
420,v0.8.4+commit.c7e474f2,v0.8,6b4c7a5e3f0b99fcd83e9c089bddd6c7fce5c611_MillionToken.sol
421,v0.8.7+commit.e28d00a7,v0.8,c91a71a1ffa3d8b22ba615ba1b9c01b2bbbf55ad_ZigZagToken.sol
422,v0.8.0+commit.c7dfd78e,v0.8,2e85ae1C47602f7927bCabc2Ff99C40aA222aE15_KATA.sol
423,v0.8.3+commit.8d00100c,v0.8,c145990e84155416144c532e31f89b840ca8c2ce_THORChain_Router.sol
424,v0.8.4+commit.c7e474f2,v0.8,9506d37f70eB4C3d79C398d326C871aBBf10521d_MediaLicensingToken.sol
425,v0.8.9+commit.e5eed63a,v0.8,0de05f6447ab4d22c8827449ee4ba2d5c288379b_OokiTokenProxy.sol
426,v0.8.0+commit.c7dfd78e,v0.8,738865301a9b7dd80dc3666dd48cf034ec42bdda_AgorasToken.sol
427,v0.8.4+commit.c7e474f2,v0.8,a2f987a546d4cd1c607ee8141276876c26b72bdf_AnchorVaultProxy.sol
428,v0.8.12+commit.f00d7308,v0.8,c55126051B22eBb829D00368f4B12Bde432de5Da_BTRFLYV2.sol
429,v0.8.6+commit.11564f7e,v0.8,7893bbb46613d7a4fbcc31dab4c9b823ffee1026_BribeV2.sol
430,v0.8.9+commit.e5eed63a,v0.8,4dd942baa75810a3c1e876e79d5cd35e09c97a76_Token.sol
431,v0.8.2+commit.661d1103,v0.8,16cda4028e9e872a38acb903176719299beaed87_Mars4ERC20.sol
432,v0.8.0+commit.c7dfd78e,v0.8,6b1a8f210ec6b7b6643cea3583fb0c079f367898_BXXToken.sol
433,v0.8.10+commit.fc410830,v0.8,65ef703f5594d2573eb71aaf55bc0cb548492df4_MultichainToken.sol
434,v0.8.7+commit.e28d00a7,v0.8,e71a8ddcad4a950a1bbea58a301f62b5337ecb5c_UnstructuredProxy.sol
435,v0.8.7+commit.e28d00a7,v0.8,C84cC1111aDacE071e2a57a61c42450d4e133F16_Proxy.sol
436,v0.8.7+commit.e28d00a7,v0.8,409353a02Ba3CCf60F3c503A6fd842a7A9C20782_OwnedUpgradeabilityProxy.sol
437,v0.8.10+commit.fc410830,v0.8,22c08c358f62f35b742d023bf2faf67e30e5376e_xApe721.sol
438,v0.8.16+commit.07a7930e,v0.8,ac3e018457b222d93114458476f3e3416abbe38f_sfrxETH.sol
439,v0.8.6+commit.11564f7e,v0.8,Bd3de9a069648c84d27d74d701C9fa3253098B15_EqiToken.sol
440,v0.8.4+commit.c7e474f2,v0.8,9ccf191169a613eca433a249d3f40131178caebc_MCGERC20.sol
441,v0.8.4+commit.c7e474f2,v0.8,F5cFBC74057C610c8EF151A439252680AC68c6DC_OctToken.sol
442,v0.8.4+commit.c7e474f2,v0.8,6c936d4ae98e6d2172db18c16c4b601c99918ee6_LifeToken.sol
443,v0.8.0+commit.c7dfd78e,v0.8,427A03Fb96D9A94A6727fbcfbBA143444090dd64_PIXL.sol
444,v0.8.7+commit.e28d00a7,v0.8,f8E9F10c22840b613cdA05A0c5Fdb59A4d6cd7eF_DoEToken.sol
445,v0.8.10+commit.fc410830,v0.8,2d787d4f5005bd66ac910c2e821241625c406ed5_Berry.sol
446,v0.8.7+commit.e28d00a7,v0.8,c744df3419a8c9bd4d6b9852a503eb1c5308a326_REDTOKEN.sol
447,v0.8.0+commit.c7dfd78e,v0.8,9ad37205d608b8b219e6a2573f922094cec5c200_izumiToken.sol
448,v0.8.7+commit.e28d00a7,v0.8,4CBCc45C3D24610cBFA4884f4D16085b590f3354_sCyberTurtles.sol
449,v0.8.7+commit.e28d00a7,v0.8,5f944B0c4315Cb7c3a846b025AB4045da44abf6c_SimpleERC20.sol
450,v0.8.1+commit.df193b15,v0.8,217ddead61a42369a266f1fb754eb5d3ebadc88a_Donkey.sol
451,v0.8.4+commit.c7e474f2,v0.8,2b9FD4D651414e51c9bA56aE1add36bb71cCa24B_FatRatMafia.sol
452,v0.8.12+commit.f00d7308,v0.8,d7807e5752b368a6a64b76828aaff0750522a76e_RewardDistributor.sol
453,v0.8.4+commit.c7e474f2,v0.8,41a3dba3d677e573636ba691a70ff2d606c29666_ERC20.sol
454,v0.8.1+commit.df193b15,v0.8,aec7e1f531bb09115103c53ba76829910ec48966_BlankToken.sol
455,v0.8.8+commit.dddeac2f,v0.8,429ca183c5f4b43f09d70580c5365a6d21cccd47_EverMigrate.sol
456,v0.8.7+commit.e28d00a7,v0.8,9010a15184da16e3a7c5b4aa50094dfe3bb36989_EW.sol
457,v0.8.4+commit.c7e474f2,v0.8,5eaeadda470245343249452e744e423f489abbc4_Elftownwtf.sol
458,v0.8.4+commit.c7e474f2,v0.8,c67b12049c2d0cf6e476bc64c7f82fc6c63cffc5_GDT.sol
459,v0.8.7+commit.e28d00a7,v0.8,BBEa1eBD631862A1686205860d6E79913711C377_TransferExclusive.sol
460,v0.8.0+commit.c7dfd78e,v0.8,b525ecee288b99216cd481c56b6efbdbe9bf90b5_KumaToken.sol
461,v0.8.2+commit.661d1103,v0.8,35bd01fc9d6d5d81ca9e055db88dc49aa2c699a8_FriendsWithBenefits.sol
462,v0.8.0+commit.c7dfd78e,v0.8,fb130d93e49dca13264344966a611dc79a456bc5_DOGEGF.sol
463,v0.8.5+commit.a4f2e591,v0.8,38A94e92A19E970c144DEd0B2DD47278CA11CC1F_StandardERC20.sol
464,v0.8.10+commit.fc410830,v0.8,2E2234b3A848F895a60B2071F90303CD02f7491D_BatchTransfer.sol
465,v0.8.1+commit.df193b15,v0.8,20a8cec5fffea65be7122bcab2ffe32ed4ebf03a_DinoXCoin.sol
466,v0.8.0+commit.c7dfd78e,v0.8,064bac371767c7ef2bdaaf8755eb603e1aa9189e_TetheRUSD.sol
467,v0.8.5+commit.a4f2e591,v0.8,e7ae6d0c56cacaf007b7e4d312f9af686a9e9a04_Vabble.sol
468,v0.8.4+commit.c7e474f2,v0.8,aaa7a10a8ee237ea61e8ac46c50a8db8bcc1baaa_QANX.sol
469,v0.8.0+commit.c7dfd78e,v0.8,C5b3D3231001a776123194Cf1290068e8b0C783b_LIT.sol
470,v0.8.0+commit.c7dfd78e,v0.8,d567b5f02b9073ad3a982a099a23bf019ff11d1c_GameCoin.sol
471,v0.8.7+commit.e28d00a7,v0.8,c6cc3d07c705e39d11c7f60d8836c7c78d4ac5f1_OleaToken.sol
472,v0.8.7+commit.e28d00a7,v0.8,2F3f840d17Eb61020680c1f4B00510c3CaA7dF63_Proxy.sol
473,v0.8.11+commit.d7f03943,v0.8,38b0e3a59183814957d83df2a97492aed1f003e2_Animal.sol
474,v0.8.0+commit.c7dfd78e,v0.8,939a7a577d93ad29b64c1595b1284ce660a479b9_JEJUDOGE.sol
475,v0.8.0+commit.c7dfd78e,v0.8,1afb69DBC9f54d08DAB1bD3436F8Da1af819E647_MELOS.sol
476,v0.8.2+commit.661d1103,v0.8,3758e00b100876c854636ef8db61988931bb8025_UniqToken.sol
477,v0.8.4+commit.c7e474f2,v0.8,c314d734eae9b3926c15bc2c89596822b541effd_RockMinter.sol
478,v0.8.7+commit.e28d00a7,v0.8,31fe56609C65Cd0C510E7125f051D440424D38f3_StealthKeyRegistry.sol
479,v0.8.0+commit.c7dfd78e,v0.8,5afff9876c1f98b7d2b53bcb69eb57e92408319f_ERC20.sol
480,v0.8.7+commit.e28d00a7,v0.8,45540de697d2b3d825778b1f8d5bbf1a247841c1_WalletsFactory.sol
481,v0.8.4+commit.c7e474f2,v0.8,DDfc15eC4a1d1F1cF15dC047Dd4F0CC24de0Fc34_Aiape.sol
482,v0.8.7+commit.e28d00a7,v0.8,bc4e8115e17d96cfd8e3ecef2b0d6e19d00f70b2_BoredTedYachtClub.sol
483,v0.8.9+commit.e5eed63a,v0.8,2d5d7d31f671f86c782533cc367f14109a082712_AxelarGasServiceProxy.sol
484,v0.8.11+commit.d7f03943,v0.8,4c601dc69AfFb0D4Fc8dE1Ac303705e432A4A27E_KonnectKCTBasic.sol
485,v0.8.7+commit.e28d00a7,v0.8,aD48C81ac9CdcD4fE3e25B8493b2798eA5104e6f_onChainDiscordDirectory.sol
486,v0.8.7+commit.e28d00a7,v0.8,697ed880c89C55a004003318690981d708E0d9ed_DogeHeroes.sol
487,v0.8.16+commit.07a7930e,v0.8,257a13B19435742e33FD1C95f9BBd5615325AD09_RTFKTRedemption.sol
488,v0.8.10+commit.fc410830,v0.8,1b890fd37cd50bea59346fc2f8ddb7cd9f5fabd5_NewOrderGovernance.sol
489,v0.8.7+commit.e28d00a7,v0.8,e4dae00bc1c46ea2f44ae71b1beb8b171c15d812_PREMA.sol
490,v0.8.7+commit.e28d00a7,v0.8,02e7f808990638e9e67e1f00313037ede2362361_KiboShib.sol
491,v0.8.4+commit.c7e474f2,v0.8,36bE66704b4Ef4D07867C38AC295cC876Af7F981_Scremlins.sol
492,v0.8.7+commit.e28d00a7,v0.8,60C6b5DC066E33801F2D9F2830595490A3086B4e_DOERewards.sol
493,v0.8.11+commit.d7f03943,v0.8,23E79722Bb8B55a0d04f3AFbCFC34eb771526Adb_AstraDispenser.sol
494,v0.8.11+commit.d7f03943,v0.8,000000007a58f5f58e697e51ab0357bc9e260a04_ConcaveToken.sol
495,v0.8.4+commit.c7e474f2,v0.8,32805770d967b99605835fb11d27B22E7F8f0f0E_CryptSocialClub.sol
496,v0.8.16+commit.07a7930e,v0.8,256d1fce1b1221e8398f65f9b36033ce50b2d497_AlveyChainToken.sol
497,v0.8.0+commit.c7dfd78e,v0.8,c481a850aead5002598b7ed355cbb3349c148072_StarBlockToken.sol
498,v0.8.7+commit.e28d00a7,v0.8,77f9cf0bd8c500cffdf420e72343893aecc2ec0b_LAIKA.sol
499,v0.8.4+commit.c7e474f2,v0.8,37fe0f067fa808ffbdd12891c0858532cfe7361d_CivilizationToken.sol
